date,close
2016-05-01,1293.8
2016-05-02,1295.8
2016-05-03,1291.8
2016-05-04,1274.4
2016-05-05,1272.3
2016-05-06,1294.0
2016-05-08,1286.0
2016-05-09,1266.6
2016-05-10,1264.8
2016-05-11,1275.5
2016-05-12,1271.2
2016-05-13,1272.7
2016-05-15,1277.9
2016-05-16,1274.2
2016-05-17,1276.9
2016-05-18,1274.4
2016-05-19,1254.8
2016-05-20,1252.9
2016-05-22,1255.1
2016-05-23,1254.9
2016-05-24,1232.2
2016-05-25,1226.6
2016-05-26,1222.7
2016-05-27,1216.7
2016-05-31,1217.5
2016-06-01,1214.7
2016-06-02,1212.6
2016-06-03,1242.9
2016-06-06,1247.4
2016-06-07,1247.0
2016-06-08,1262.3
2016-06-09,1272.7
2016-06-10,1275.9
2016-06-13,1286.9
2016-06-14,1288.1
2016-06-15,1288.3
2016-06-16,1298.4
2016-06-17,1294.8
2016-06-20,1292.1
2016-06-21,1272.5
2016-06-22,1270.0
2016-06-23,1263.1
2016-06-24,1322.4
2016-06-27,1324.7
2016-06-28,1317.9
2016-06-29,1326.9
2016-06-30,1320.6
2016-07-01,1339.0
2016-07-04,1353.5
2016-07-05,1358.7
2016-07-06,1367.1
2016-07-07,1362.1
2016-07-08,1358.4
2016-07-11,1356.6
2016-07-12,1335.3
2016-07-13,1343.6
2016-07-14,1332.2
2016-07-15,1327.4
2016-07-18,1329.3
2016-07-19,1332.3
2016-07-20,1319.3
2016-07-21,1338.9
2016-07-22,1331.5
2016-07-25,1327.2
2016-07-26,1328.3
2016-07-27,1334.5
2016-07-28,1341.2
2016-07-29,1357.5
2016-08-01,1359.6
2016-08-02,1372.6
2016-08-03,1364.7
2016-08-04,1367.4
2016-08-05,1344.4
2016-08-08,1341.3
2016-08-09,1346.7
2016-08-10,1351.9
2016-08-11,1350.0
2016-08-12,1343.2
2016-08-15,1347.5
2016-08-16,1356.9
2016-08-17,1348.8
2016-08-18,1357.2
2016-08-19,1346.2
2016-08-22,1343.4
2016-08-23,1346.1
2016-08-24,1329.7
2016-08-25,1324.6
2016-08-26,1325.9
2016-08-29,1327.1
2016-08-30,1316.5
2016-08-31,1311.4
2016-09-01,1317.1
2016-09-02,1326.7
2016-09-05,1330.7
2016-09-06,1354.0
2016-09-07,1349.2
2016-09-08,1341.6
2016-09-09,1334.5
2016-09-12,1325.6
2016-09-13,1323.7
2016-09-14,1326.1
2016-09-15,1318.0
2016-09-16,1310.2
2016-09-19,1317.8
2016-09-20,1318.2
2016-09-21,1331.4
2016-09-22,1344.7
2016-09-23,1341.7
2016-09-26,1344.1
2016-09-27,1330.4
2016-09-28,1323.7
2016-09-29,1326.0
2016-09-30,1317.1
2016-10-03,1312.7
2016-10-04,1269.7
2016-10-05,1268.6
2016-10-06,1253.0
2016-10-07,1251.9
2016-10-10,1260.4
2016-10-11,1255.9
2016-10-12,1253.8
2016-10-13,1257.6
2016-10-14,1255.5
2016-10-17,1256.6
2016-10-18,1262.9
2016-10-19,1269.9
2016-10-20,1267.5
2016-10-21,1267.7
2016-10-24,1263.7
2016-10-25,1273.6
2016-10-26,1266.6
2016-10-27,1269.5
2016-10-28,1276.8
2016-10-31,1273.1
2016-11-01,1288.0
2016-11-02,1308.2
2016-11-03,1303.3
2016-11-04,1304.5
2016-11-07,1279.4
2016-11-08,1274.5
2016-11-09,1273.5
2016-11-10,1266.4
2016-11-11,1224.3
2016-11-14,1221.7
2016-11-15,1224.5
2016-11-16,1223.9
2016-11-17,1216.9
2016-11-18,1208.7
2016-11-21,1209.8
2016-11-22,1214.1
2016-11-23,1192.4
2016-11-24,1183.6
2016-11-25,1181.0
2016-11-28,1193.8
2016-11-29,1190.8
2016-11-30,1173.9
2016-12-01,1169.4
2016-12-02,1177.8
2016-12-05,1176.5
2016-12-06,1170.1
2016-12-07,1177.5
2016-12-08,1172.4
2016-12-09,1161.9
2016-12-12,1165.8
2016-12-13,1159.0
2016-12-14,1163.7
2016-12-15,1129.8
2016-12-16,1137.4
2016-12-19,1142.7
2016-12-20,1133.6
2016-12-21,1133.2
2016-12-22,1130.7
2016-12-23,1133.6
2016-12-27,1138.8
2016-12-28,1140.9
2016-12-29,1158.1
2016-12-30,1151.7
2017-01-03,1162.0
2017-01-04,1165.3
2017-01-05,1181.3
2017-01-06,1173.4
2017-01-09,1184.9
2017-01-10,1185.5
2017-01-11,1196.6
2017-01-12,1199.8
2017-01-13,1196.2
2017-01-16,1202.6
2017-01-17,1212.9
2017-01-18,1212.1
2017-01-19,1201.5
2017-01-20,1204.9
2017-01-23,1218.5
2017-01-24,1213.6
2017-01-25,1200.5
2017-01-26,1192.5
2017-01-27,1191.1
2017-01-30,1196.0
2017-01-31,1211.4
2017-02-01,1208.3
2017-02-02,1219.4
2017-02-03,1220.8
2017-02-06,1232.1
2017-02-07,1236.1
2017-02-08,1239.5
2017-02-09,1236.8
2017-02-10,1235.9
2017-02-13,1225.8
2017-02-14,1225.4
2017-02-15,1233.1
2017-02-16,1241.6
2017-02-17,1239.1
2017-02-20,1238.5
2017-02-21,1238.9
2017-02-22,1233.3
2017-02-23,1251.4
2017-02-24,1258.3
2017-02-27,1258.8
2017-02-28,1253.9
2017-03-01,1250.0
2017-03-02,1232.9
2017-03-03,1226.5
2017-03-06,1225.5
2017-03-07,1216.1
2017-03-08,1209.4
2017-03-09,1203.2
2017-03-10,1201.4
2017-03-13,1203.1
2017-03-14,1202.6
2017-03-15,1200.7
2017-03-16,1227.1
2017-03-17,1230.2
2017-03-20,1234.0
2017-03-21,1249.6
2017-03-22,1252.8
2017-03-23,1250.1
2017-03-24,1251.7
2017-03-27,1258.8
2017-03-28,1258.8
2017-03-29,1256.8
2017-03-30,1248.0
2017-03-31,1251.2
2017-04-03,1254.0
2017-04-04,1258.4
2017-04-05,1248.5
2017-04-06,1253.3
2017-04-07,1257.3
2017-04-10,1253.9
2017-04-11,1274.2
2017-04-12,1278.1
2017-04-13,1288.5
2017-04-17,1291.9
2017-04-18,1294.1
2017-04-19,1283.4
2017-04-20,1283.8
2017-04-21,1289.1
2017-04-24,1277.5
2017-04-25,1267.2
2017-04-26,1264.2
2017-04-27,1265.9
2017-04-28,1268.3
2017-05-01,1255.5
2017-05-02,1257.0
2017-05-03,1248.5
2017-05-04,1228.6
2017-05-05,1226.9
2017-05-08,1227.1
2017-05-09,1216.1
2017-05-10,1218.9
2017-05-11,1224.2
2017-05-12,1227.7
2017-05-15,1230.0
2017-05-16,1236.4
2017-05-17,1258.7
2017-05-18,1252.8
2017-05-19,1253.6
2017-05-22,1261.4
2017-05-23,1258.9
2017-05-24,1256.5
2017-05-25,1259.8
2017-05-26,1271.4
2017-05-29,1269.9
2017-05-30,1265.7
2017-05-31,1275.4
2017-06-01,1270.1
2017-06-02,1280.2
2017-06-05,1282.7
2017-06-06,1297.5
2017-06-07,1293.2
2017-06-08,1279.5
2017-06-09,1271.4
2017-06-12,1268.9
2017-06-13,1268.6
2017-06-14,1275.9
2017-06-15,1254.6
2017-06-16,1256.5
2017-06-19,1246.7
2017-06-20,1243.5
2017-06-21,1245.8
2017-06-22,1249.4
2017-06-23,1256.4
2017-06-26,1246.4
2017-06-27,1246.9
2017-06-28,1249.1
2017-06-29,1245.8
2017-06-30,1242.3
2017-07-03,1219.2
2017-07-04,1223.0
2017-07-05,1221.7
2017-07-06,1223.3
2017-07-07,1209.7
2017-07-10,1213.2
2017-07-11,1214.7
2017-07-12,1219.1
2017-07-13,1217.3
2017-07-14,1227.5
2017-07-17,1233.7
2017-07-18,1241.9
2017-07-19,1248.8
2017-07-20,1252.1
2017-07-21,1261.0
2017-07-24,1260.7
2017-07-25,1258.5
2017-07-26,1255.6
2017-07-27,1266.5
2017-07-28,1275.3
2017-07-31,1273.4
2017-08-01,1279.4
2017-08-02,1278.4
2017-08-03,1274.4
2017-08-04,1264.6
2017-08-07,1264.7
2017-08-08,1262.6
2017-08-09,1279.3
2017-08-10,1290.1
2017-08-11,1294.0
2017-08-14,1290.4
2017-08-15,1279.7
2017-08-16,1282.9
2017-08-17,1292.4
2017-08-18,1291.6
2017-08-21,1296.7
2017-08-22,1291.0
2017-08-23,1294.7
2017-08-24,1292.0
2017-08-25,1297.9
2017-08-28,1315.3
2017-08-29,1318.9
2017-08-30,1314.1
2017-08-31,1322.2
2017-09-01,1330.4
2017-09-04,1339.4
2017-09-05,1344.5
2017-09-06,1339.0
2017-09-07,1350.3
2017-09-08,1351.2
2017-09-11,1335.7
2017-09-12,1332.7
2017-09-13,1328.0
2017-09-14,1329.3
2017-09-15,1325.2
2017-09-18,1310.8
2017-09-19,1310.6
2017-09-20,1316.4
2017-09-21,1294.8
2017-09-22,1297.5
2017-09-25,1311.5
2017-09-26,1301.7
2017-09-27,1287.8
2017-09-28,1288.7
2017-09-29,1284.8
2017-10-02,1275.8
2017-10-03,1274.6
2017-10-04,1276.8
2017-10-05,1273.2
2017-10-06,1274.9
2017-10-09,1285.0
2017-10-10,1293.8
2017-10-11,1288.9
2017-10-12,1296.5
2017-10-13,1304.6
2017-10-16,1303.0
2017-10-17,1286.2
2017-10-18,1283.0
2017-10-19,1290.0
2017-10-20,1280.5
2017-10-23,1280.9
2017-10-24,1278.3
2017-10-25,1279.0
2017-10-26,1269.6
2017-10-27,1271.8
2017-10-30,1277.7
2017-10-31,1270.5
2017-11-01,1277.3
2017-11-02,1278.1
2017-11-03,1269.2
2017-11-06,1281.6
2017-11-07,1275.8
2017-11-08,1283.7
2017-11-09,1287.5
2017-11-10,1274.2
2017-11-13,1278.9
2017-11-14,1282.9
2017-11-15,1277.7
2017-11-16,1278.2
2017-11-17,1283.85
2017-11-20,1292.35
2017-11-21,1280.0
2017-11-22,1283.95
2017-11-23,1290.15
2017-11-24,1289.15
2017-11-27,1294.7
2017-11-28,1293.9
2017-11-29,1294.85
2017-11-30,1282.15
2017-12-01,1277.25
2017-12-04,1279.1
2017-12-05,1275.9
2017-12-06,1268.55
2017-12-07,1256.8
2017-12-08,1245.85
2017-12-11,1251.4
2017-12-12,1243.4
2017-12-13,1241.6
2017-12-14,1255.6
2017-12-15,1257.25
2017-12-18,1258.65
2017-12-19,1263.1
2017-12-20,1265.95
2017-12-21,1265.85
2017-12-22,1268.05
2017-12-27,1285.4
2017-12-28,1291.6
2017-12-29,1296.5
2018-01-02,1312.8
2018-01-03,1314.6
2018-01-04,1313.7
2018-01-05,1317.9
2018-01-08,1318.8
2018-01-09,1314.95
2018-01-10,1321.65
2018-01-11,1319.85
2018-01-12,1332.9
2018-01-15,1343.0
2018-01-16,1334.95
2018-01-17,1337.35
2018-01-18,1329.75
2018-01-19,1335.8
2018-01-22,1334.15
2018-01-23,1337.1
2018-01-24,1350.5
2018-01-25,1360.25
2018-01-26,1354.35
2018-01-29,1348.4
2018-01-30,1345.7
2018-01-31,1343.35
2018-02-01,1341.1
2018-02-02,1345.0
2018-02-05,1337.1
2018-02-06,1344.65
2018-02-07,1328.5
2018-02-08,1311.05
2018-02-09,1316.05
2018-02-12,1321.7
2018-02-13,1329.4
2018-02-14,1330.75
2018-02-15,1353.7
2018-02-16,1358.6
2018-02-19,1347.4
2018-02-20,1337.4
2018-02-21,1328.6
2018-02-22,1323.5
2018-02-23,1328.9
2018-02-26,1339.05
2018-02-27,1332.75
2018-02-28,1320.3
2018-03-01,1311.25
2018-03-02,1316.75
2018-03-05,1326.3
2018-03-06,1324.95
2018-03-07,1332.5
2018-03-08,1325.4
2018-03-09,1319.35
2018-03-12,1317.25
2018-03-13,1318.7
2018-03-14,1324.95
2018-03-15,1323.35
2018-03-16,1320.05
2018-03-19,1311.7
2018-03-20,1312.75
2018-03-21,1316.35
2018-03-22,1328.85
2018-03-23,1342.35
2018-03-26,1348.4
2018-03-27,1350.65
2018-03-28,1341.05
2018-03-29,1323.9
2018-04-03,1336.6
2018-04-04,1343.15
2018-04-05,1327.05
2018-04-06,1325.6
2018-04-09,1328.5
2018-04-10,1335.95
2018-04-11,1345.2
2018-04-12,1345.9
2018-04-13,1340.75
2018-04-16,1344.4
2018-04-17,1342.95
2018-04-18,1346.55
2018-04-19,1347.9
2018-04-20,1340.15
2018-04-23,1328.0
2018-04-24,1327.35
2018-04-25,1325.7
2018-04-26,1321.9
2018-04-27,1317.7
2018-04-30,1316.25
2018-05-01,1309.2
2018-05-02,1310.75
2018-05-03,1313.3
2018-05-04,1309.35
2018-05-08,1310.05
2018-05-09,1306.85
2018-05-10,1314.8
2018-05-11,1324.8
2018-05-14,1320.7
2018-05-15,1310.05
2018-05-16,1291.75
2018-05-17,1288.85
2018-05-18,1287.2
2018-05-21,1285.85
2018-05-22,1293.9
2018-05-23,1294.0
2018-05-24,1296.35
2018-05-25,1303.95
2018-05-29,1302.05
2018-05-30,1298.6
2018-05-31,1303.5
2018-06-01,1299.15
2018-06-04,1294.65
2018-06-05,1292.25
2018-06-06,1295.25
2018-06-07,1298.3
2018-06-08,1299.2
2018-06-11,1296.05
2018-06-12,1298.3
2018-06-13,1294.4
2018-06-14,1305.3
2018-06-15,1300.1
2018-06-18,1281.25
2018-06-19,1279.0
2018-06-20,1273.25
2018-06-21,1263.7
2018-06-22,1269.7
2018-06-25,1269.8
2018-06-26,1257.15
2018-06-27,1256.8
2018-06-28,1250.5
2018-06-29,1250.55
2018-07-02,1249.0
2018-07-03,1245.85
2018-07-04,1256.9
2018-07-05,1252.5
2018-07-06,1254.2
2018-07-09,1262.6
2018-07-10,1253.7
2018-07-11,1250.0
2018-07-12,1244.85
2018-07-13,1240.5
2018-07-16,1244.9
2018-07-17,1243.65
2018-07-18,1223.45
2018-07-19,1217.4
2018-07-20,1224.85
2018-07-23,1229.45
2018-07-24,1224.3
2018-07-25,1230.55
2018-07-26,1228.35
2018-07-27,1219.15
2018-07-30,1222.05
2018-07-31,1219.2
2018-08-01,1222.75
2018-08-02,1217.6
2018-08-03,1207.7
2018-08-06,1212.0
2018-08-07,1215.4
2018-08-08,1212.35
2018-08-09,1215.5
2018-08-10,1211.65
2018-08-13,1204.4
2018-08-14,1195.3
2018-08-15,1186.7
2018-08-16,1179.65
2018-08-17,1176.7
2018-08-20,1188.75
2018-08-21,1194.1
2018-08-22,1196.85
2018-08-23,1187.3
2018-08-24,1189.95
2018-08-28,1212.75
2018-08-29,1204.3
2018-08-30,1202.35
2018-08-31,1206.85
2018-09-03,1201.7
2018-09-04,1195.75
2018-09-05,1194.7
2018-09-06,1204.3
2018-09-07,1200.75
2018-09-10,1195.8
2018-09-11,1194.0
2018-09-12,1197.8
2018-09-13,1206.65
2018-09-14,1206.2
2018-09-17,1196.8
2018-09-18,1199.4
2018-09-19,1203.0
2018-09-20,1203.0
2018-09-21,1207.6
2018-09-24,1198.75
2018-09-25,1199.45
2018-09-26,1198.8
2018-09-27,1196.0
2018-09-28,1183.5
2018-10-01,1185.3
2018-10-02,1192.65
2018-10-03,1203.5
2018-10-04,1199.45
2018-10-05,1201.1
2018-10-08,1194.8
2018-10-09,1187.4
2018-10-10,1186.4
2018-10-11,1201.1
2018-10-12,1218.75
2018-10-15,1233.0
2018-10-16,1228.85
2018-10-17,1226.75
2018-10-18,1224.6
2018-10-19,1228.25
2018-10-22,1222.9
2018-10-23,1235.6
2018-10-24,1231.65
2018-10-25,1232.15
2018-10-26,1236.05
2018-10-29,1230.75
2018-10-30,1220.0
2018-10-31,1217.7
2018-11-01,1223.25
2018-11-02,1235.5
2018-11-05,1231.6
2018-11-06,1234.85
2018-11-07,1235.05
2018-11-08,1223.45
2018-11-09,1219.05
2018-11-12,1207.05
2018-11-13,1197.55
2018-11-14,1201.45
2018-11-15,1210.6
2018-11-16,1215.8
2018-11-19,1223.55
2018-11-20,1223.1
2018-11-21,1224.0
2018-11-22,1228.25
2018-11-23,1222.15
2018-11-26,1226.65
2018-11-27,1225.05
2018-11-28,1213.2
2018-11-29,1226.45
2018-11-30,1220.45
2018-12-03,1231.05
2018-12-04,1239.25
2018-12-05,1236.15
2018-12-06,1236.45
2018-12-07,1241.2
2018-12-10,1246.8
2018-12-11,1248.25
2018-12-12,1244.75
2018-12-13,1244.45
2018-12-14,1239.15
2018-12-17,1239.1
2018-12-18,1248.8
2018-12-19,1248.6
2018-12-20,1255.0
2018-12-21,1257.6
2018-12-24,1261.25
2018-12-27,1271.1
2018-12-28,1277.25
2018-12-31,1281.65
2019-01-02,1287.2
2019-01-03,1287.95
2019-01-04,1290.35
2019-01-07,1291.5
2019-01-08,1283.9
2019-01-09,1281.3
2019-01-10,1292.4
2019-01-11,1292.8
2019-01-14,1293.7
2019-01-15,1289.35
2019-01-16,1290.5
2019-01-17,1294.0
2019-01-18,1285.05
2019-01-21,1278.7
2019-01-22,1284.75
2019-01-23,1284.9
2019-01-24,1279.75
2019-01-25,1282.95
2019-01-28,1301.0
2019-01-29,1308.35
2019-01-30,1312.95
2019-01-31,1322.5
2019-02-01,1320.75
2019-02-04,1311.0
2019-02-05,1314.0
2019-02-06,1313.35
2019-02-07,1306.6
2019-02-08,1311.1
2019-02-11,1306.75
2019-02-12,1311.6
2019-02-13,1311.15
2019-02-14,1305.65
2019-02-15,1318.0
2019-02-18,1323.95
2019-02-19,1329.55
2019-02-20,1345.75
2019-02-21,1335.05
2019-02-22,1322.25
2019-02-25,1329.15
2019-02-26,1327.55
2019-02-27,1326.45
2019-02-28,1325.45
2019-03-01,1309.95
2019-03-04,1287.45
2019-03-05,1285.0
2019-03-06,1285.55
2019-03-07,1286.4
2019-03-08,1294.1
2019-03-11,1296.35
2019-03-12,1296.95
2019-03-13,1308.4
2019-03-14,1299.2
2019-03-15,1302.65
2019-03-18,1305.35
2019-03-19,1308.35
2019-03-20,1303.0
2019-03-21,1317.3
2019-03-22,1311.1
2019-03-25,1319.35
2019-03-26,1315.25
2019-03-27,1318.25
2019-03-28,1306.9
2019-03-29,1291.15
2019-04-01,1291.9
2019-04-02,1287.2
2019-04-03,1291.85
2019-04-04,1291.6
2019-04-05,1288.9
2019-04-08,1297.1
2019-04-09,1301.85
2019-04-10,1304.8
2019-04-11,1304.65
2019-04-12,1296.15
2019-04-15,1286.75
2019-04-16,1283.75
2019-04-17,1276.1
2019-04-18,1276.5
2019-04-23,1273.45
2019-04-24,1273.8
2019-04-25,1277.85
2019-04-26,1281.5
2019-04-29,1282.15
2019-04-30,1285.15
2019-05-01,1281.8
2019-05-02,1271.45
2019-05-03,1270.05
2019-05-07,1281.3
2019-05-08,1287.75
2019-05-09,1284.1
2019-05-10,1285.4
2019-05-13,1282.95
2019-05-14,1297.6
2019-05-15,1298.9
2019-05-16,1295.55
2019-05-17,1285.8
2019-05-20,1275.25
2019-05-21,1276.0
2019-05-22,1274.0
2019-05-23,1275.95
2019-05-24,1281.5
2019-05-28,1283.9
2019-05-29,1283.5
2019-05-30,1276.45
2019-05-31,1296.0
2019-06-03,1313.95
2019-06-04,1323.6
2019-06-05,1337.75
2019-06-06,1336.65
2019-06-07,1334.3
2019-06-10,1328.6
2019-06-11,1322.65
2019-06-12,1336.65
2019-06-13,1335.8
2019-06-14,1352.45
2019-06-17,1333.2
2019-06-18,1344.55
2019-06-19,1342.4
2019-06-20,1381.65
2019-06-21,1388.35
2019-06-24,1405.45
2019-06-25,1429.55
2019-06-26,1406.75
2019-06-27,1402.25
2019-06-28,1413.2
2019-07-01,1390.05
2019-07-02,1393.1
2019-07-03,1425.1
2019-07-04,1415.25
2019-07-05,1414.4
2019-07-08,1404.9
2019-07-09,1387.9
2019-07-10,1395.45
2019-07-11,1423.1
2019-07-12,1405.6
2019-07-15,1416.25
2019-07-16,1416.1
2019-07-17,1400.8
2019-07-18,1420.9
2019-07-19,1437.05
2019-07-22,1424.45
2019-07-23,1417.55
2019-07-24,1425.55
2019-07-25,1426.35
2019-07-26,1418.25
2019-07-29,1418.95
2019-07-30,1428.45
2019-07-31,1430.55
2019-08-01,1406.4
2019-08-02,1436.05
2019-08-05,1457.45
2019-08-06,1461.85
2019-08-07,1487.65
2019-08-08,1497.4
2019-08-09,1503.5
2019-08-12,1501.95
2019-08-13,1527.2
2019-08-14,1500.35
2019-08-15,1517.65
2019-08-16,1509.05
2019-08-19,1499.35
2019-08-20,1502.65
2019-08-21,1499.65
2019-08-22,1498.7
2019-08-23,1495.5
2019-08-27,1531.85
2019-08-28,1541.75
2019-08-29,1536.65
2019-08-30,1526.55
2019-09-02,1523.35
2019-09-03,1532.45
2019-09-04,1538.8
2019-09-05,1542.6
2019-09-06,1504.95
2019-09-09,1509.95
2019-09-10,1494.6
2019-09-11,1493.65
2019-09-12,1502.95
2019-09-13,1506.3
2019-09-16,1502.05
2019-09-17,1499.3
2019-09-18,1502.2
2019-09-19,1498.4
2019-09-20,1504.1
2019-09-23,1519.5
2019-09-24,1520.25
2019-09-25,1530.85
2019-09-26,1507.05
2019-09-27,1496.15
2019-09-30,1487.6
2019-10-01,1466.1
2019-10-02,1484.05
2019-10-03,1504.0
2019-10-04,1509.5
2019-10-07,1502.15
2019-10-08,1500.0
2019-10-09,1503.4
2019-10-10,1508.2
2019-10-11,1498.35
2019-10-14,1494.2
2019-10-15,1494.75
2019-10-16,1482.55
2019-10-17,1484.45
2019-10-21,1490.85
2019-10-22,1487.45
2019-10-23,1494.25
2019-10-24,1488.85
2019-10-25,1504.65
2019-10-28,1505.05
2019-10-29,1492.75
2019-10-30,1490.15
2019-10-31,1506.4
2019-11-01,1509.85
2019-11-04,1509.2
2019-11-05,1504.6
2019-11-06,1488.55
2019-11-07,1484.1
2019-11-08,1466.85
2019-11-11,1465.5
2019-11-12,1455.0
2019-11-13,1463.45
2019-11-14,1467.65
2019-11-15,1465.6
2019-11-18,1458.4
2019-11-19,1464.9
2019-11-20,1475.7
2019-11-21,1468.9
2019-11-22,1471.3
2019-11-25,1459.45
2019-11-26,1457.65
2019-11-27,1459.8
2019-11-28,1457.55
2019-11-29,1456.35
2019-12-02,1457.5
2019-12-03,1470.4
2019-12-04,1475.85
2019-12-05,1474.6
2019-12-06,1474.85
2019-12-09,1463.6
2019-12-10,1464.45
2019-12-11,1468.05
2019-12-12,1474.7
2019-12-13,1470.6
2019-12-16,1477.4
2019-12-17,1478.4
2019-12-18,1478.9
2019-12-19,1474.4
2019-12-20,1476.9
2019-12-23,1483.95
2019-12-24,1490.85
2019-12-27,1510.6
2019-12-30,1511.5
2019-12-31,1523.0
2020-01-02,1520.55
2020-01-03,1547.4
2020-01-06,1576.85
2020-01-07,1566.5
2020-01-08,1582.85
2020-01-09,1547.85
2020-01-10,1548.8
2020-01-13,1550.35
2020-01-14,1544.95
2020-01-15,1551.9
2020-01-16,1555.2
2020-01-17,1556.5
2020-01-20,1559.25
2020-01-21,1556.25
2020-01-22,1558.1
2020-01-23,1554.05
2020-01-24,1561.85
2020-01-27,1583.45
2020-01-28,1579.6
2020-01-29,1571.2
2020-01-30,1580.4
2020-01-31,1580.85
2020-02-03,1578.85
2020-02-04,1571.2
2020-02-05,1552.2
2020-02-06,1564.75
2020-02-10,1574.05
2020-02-11,1567.7
2020-02-12,1566.75
2020-02-13,1575.0
2020-02-14,1576.35
2020-02-17,1580.3
2020-02-18,1588.2
2020-02-19,1609.5
2020-02-20,1610.35
2020-02-21,1633.7
2020-02-24,1682.35
2020-02-25,1655.9
2020-02-26,1647.95
2020-02-27,1646.6
2020-02-28,1626.35
2020-03-02,1609.7
2020-03-03,1599.05
2020-03-04,1644.8
2020-03-05,1647.45
2020-03-06,1687.0
2020-03-09,1676.6
2020-03-10,1657.4
2020-03-11,1662.5
2020-03-12,1636.65
2020-03-13,1588.15
2020-03-16,1504.65
2020-03-17,1472.35
2020-03-18,1506.0
2020-03-19,1480.7
2020-03-20,1504.45
2020-03-23,1494.5
2020-03-24,1599.5
2020-03-25,1620.95
2020-03-26,1620.1
2020-03-27,1621.2
2020-03-30,1624.45
2020-03-31,1604.65
2020-04-01,1594.25
2020-04-02,1588.05
2020-04-03,1609.75
2020-04-06,1636.6
2020-04-07,1652.2
2020-04-08,1649.05
2020-04-09,1662.5
2020-04-14,1715.85
2020-04-15,1712.25
2020-04-16,1717.85
2020-04-17,1693.15
2020-04-20,1684.95
2020-04-21,1678.6
2020-04-22,1702.65
2020-04-23,1727.55
2020-04-24,1727.25
2020-04-27,1717.25
2020-04-28,1708.1
2020-04-29,1706.0
2020-04-30,1716.75
2020-05-01,1673.05
2020-05-04,1703.7
2020-05-05,1696.3
2020-05-06,1698.9
2020-05-07,1688.65
2020-05-11,1698.8
2020-05-12,1703.45
2020-05-13,1699.85
2020-05-14,1716.4
2020-05-15,1734.85
2020-05-18,1756.9
2020-05-19,1735.25
2020-05-20,1750.05
2020-05-21,1732.8
2020-05-22,1732.45
2020-05-26,1722.75
2020-05-27,1705.15
2020-05-28,1723.3
2020-05-29,1725.65
2020-06-01,1734.8
2020-06-02,1740.25
2020-06-03,1717.6
2020-06-04,1706.45
2020-06-05,1709.55
2020-06-08,1692.0
2020-06-09,1707.5
2020-06-10,1717.65
2020-06-11,1731.9
2020-06-12,1735.85
2020-06-15,1710.4
2020-06-16,1728.35
2020-06-17,1717.3
2020-06-18,1732.65
2020-06-19,1728.55
2020-06-22,1745.45
2020-06-23,1756.6
2020-06-24,1775.7
2020-06-25,1758.55
2020-06-26,1762.1
2020-06-29,1768.8
2020-06-30,1770.7
2020-07-01,1787.4
2020-07-02,1771.85
2020-07-03,1774.65
2020-07-06,1774.4
2020-07-07,1775.5
2020-07-08,1799.35
2020-07-09,1812.45
2020-07-10,1805.75
2020-07-13,1814.1
2020-07-14,1813.4
2020-07-15,1813.8
2020-07-16,1800.3
2020-07-17,1810.0
2020-07-20,1817.4
2020-07-21,1843.9
2020-07-22,1865.1
2020-07-23,1890.0
2020-07-24,1897.5
2020-07-27,1931.0
2020-07-28,1946.24
2020-07-29,1958.16
2020-07-30,1950.04
2020-07-31,1971.68
2020-08-03,1974.7
2020-08-04,2008.5
2020-08-05,2037.1
2020-08-06,2058.4
2020-08-07,2018.0
2020-08-10,2030.3
2020-08-11,1938.9
2020-08-12,1940.5
2020-08-13,1961.9
2020-08-14,1942.3
2020-08-17,1989.9
2020-08-18,2004.8
2020-08-19,1963.5
2020-08-20,1938.3
2020-08-21,1938.3
2020-08-24,1931.5
2020-08-25,1915.6
2020-08-26,1944.1
2020-08-27,1925.0
2020-08-28,1966.8
2020-08-31,1970.5
2020-09-01,1970.8
2020-09-02,1936.9
2020-09-03,1930.2
2020-09-04,1926.2
2020-09-07,1928.4
2020-09-08,1935.1
2020-09-09,1946.8
2020-09-10,1956.0
2020-09-11,1939.5
2020-09-14,1954.7
2020-09-15,1958.0
2020-09-16,1962.0
2020-09-17,1941.3
2020-09-18,1953.2
2020-09-21,1902.1
2020-09-22,1899.3
2020-09-23,1860.5
2020-09-24,1868.9
2020-09-25,1859.5
2020-09-28,1876.6
2020-09-29,1899.64
2020-09-30,1893.9
2020-10-01,1916.3
2020-10-02,1907.6
2020-10-05,1920.1
2020-10-06,1908.8
2020-10-07,1890.8
2020-10-08,1895.1
2020-10-09,1926.2
2020-10-12,1928.9
2020-10-13,1894.6
2020-10-14,1907.3
2020-10-15,1908.9
2020-10-16,1906.4
2020-10-19,1911.7
2020-10-20,1915.4
2020-10-21,1929.5
2020-10-22,1904.6
2020-10-23,1905.2
2020-10-26,1905.7
2020-10-27,1911.9
2020-10-28,1879.2
2020-10-29,1868.0
2020-10-30,1879.9
2020-11-02,1892.5
2020-11-03,1910.4
2020-11-04,1896.2
2020-11-05,1946.8
2020-11-06,1951.7
2020-11-09,1854.4
2020-11-10,1876.4
2020-11-11,1861.6
2020-11-12,1873.3
2020-11-13,1886.2
2020-11-16,1887.8
2020-11-17,1885.1
2020-11-18,1873.9
2020-11-19,1861.5
2020-11-20,1872.4
2020-11-23,1837.8
2020-11-24,1805.86
2020-11-25,1807.78
2020-11-27,1785.62
2020-11-30,1779.86
2020-12-01,1818.9
2020-12-02,1830.2
2020-12-03,1841.1
2020-12-04,1840.0
2020-12-07,1866.0
2020-12-08,1874.9
2020-12-09,1838.5
2020-12-10,1837.4
2020-12-11,1843.6
2020-12-14,1832.1
2020-12-15,1855.3
2020-12-16,1859.1
2020-12-17,1890.4
2020-12-18,1888.9
2020-12-21,1882.8
2020-12-22,1870.3
2020-12-23,1878.1
2020-12-24,1883.2
2020-12-28,1880.4
2020-12-29,1882.9
2020-12-30,1893.4
2020-12-31,1895.1
2021-01-04,1946.6
2021-01-05,1954.4
2021-01-06,1908.6
2021-01-07,1913.6
2021-01-08,1835.4
2021-01-11,1850.8
2021-01-12,1844.2
2021-01-13,1854.9
2021-01-14,1851.4
2021-01-15,1829.9
2021-01-19,1840.2
2021-01-20,1866.5
2021-01-21,1865.9
2021-01-22,1856.2
2021-01-25,1855.2
2021-01-26,1851.68
2021-01-27,1846.5
2021-01-28,1839.88
2021-01-29,1849.7
2021-02-01,1863.9
2021-02-02,1833.4
2021-02-03,1835.1
2021-02-04,1791.2
2021-02-05,1813.0
2021-02-08,1834.2
2021-02-09,1837.5
2021-02-10,1842.7
2021-02-11,1826.8
2021-02-12,1823.2
2021-02-16,1799.0
2021-02-17,1772.8
2021-02-18,1775.0
2021-02-19,1777.4
2021-02-22,1808.4
2021-02-23,1805.9
2021-02-24,1797.9
2021-02-25,1775.4
2021-02-26,1728.8
2021-03-01,1723.0
2021-03-02,1733.6
2021-03-03,1715.8
2021-03-04,1700.7
2021-03-05,1698.5
2021-03-08,1678.0
2021-03-09,1716.9
2021-03-10,1721.8
2021-03-11,1722.6
2021-03-12,1719.8
2021-03-15,1729.2
2021-03-16,1730.9
2021-03-17,1727.1
2021-03-18,1732.5
2021-03-19,1741.7
2021-03-22,1738.1
2021-03-23,1725.1
2021-03-24,1733.2
2021-03-25,1725.1
2021-03-26,1732.78
2021-03-29,1713.16
2021-03-30,1685.16
2021-03-31,1715.24
2021-04-01,1728.4
2021-04-05,1728.8
2021-04-06,1743.0
2021-04-07,1741.6
2021-04-08,1758.2
2021-04-09,1744.8
2021-04-12,1732.7
2021-04-13,1747.6
2021-04-14,1736.3
2021-04-15,1766.8
2021-04-16,1780.2
2021-04-19,1770.6
2021-04-20,1778.4
2021-04-21,1793.1
2021-04-22,1782.0
2021-04-23,1777.8
2021-04-26,1780.1
2021-04-27,1778.8
2021-04-28,1773.9
2021-04-29,1768.3
2021-04-30,1767.7
2021-05-03,1791.8
2021-05-04,1776.0
2021-05-05,1784.3
2021-05-06,1815.7
2021-05-07,1831.3
2021-05-10,1837.6
2021-05-11,1836.1
2021-05-12,1822.8
2021-05-13,1824.0
2021-05-14,1838.1
2021-05-17,1867.6
2021-05-18,1868.0
2021-05-19,1881.5
2021-05-20,1881.9
2021-05-21,1876.7
2021-05-24,1884.5
2021-05-25,1898.5
2021-05-26,1902.24
2021-05-27,1897.38
2021-05-28,1904.74
2021-06-01,1905.0
2021-06-02,1909.9
2021-06-03,1873.3
2021-06-04,1892.0
2021-06-07,1898.8
2021-06-08,1894.4
2021-06-09,1895.5
2021-06-10,1896.4
2021-06-11,1879.6
2021-06-14,1865.9
2021-06-15,1856.4
2021-06-16,1861.4
2021-06-17,1774.8
2021-06-18,1769.0
2021-06-21,1782.9
2021-06-22,1777.4
2021-06-23,1783.4
2021-06-24,1776.7
2021-06-25,1777.8
2021-06-28,1780.7
2021-06-29,1763.6
2021-06-30,1771.6
2021-07-01,1776.8
2021-07-02,1783.3
2021-07-06,1794.2
2021-07-07,1802.1
2021-07-08,1800.2
2021-07-09,1810.6
2021-07-12,1805.9
2021-07-13,1809.9
2021-07-14,1825.0
2021-07-15,1829.0
2021-07-16,1815.0
2021-07-19,1809.2
2021-07-20,1811.4
2021-07-21,1803.4
2021-07-22,1805.4
2021-07-23,1801.8
2021-07-26,1799.2
2021-07-27,1800.18
2021-07-28,1800.54
2021-07-29,1832.4
2021-07-30,1814.12
2021-08-02,1819.8
2021-08-03,1811.7
2021-08-04,1812.2
2021-08-05,1806.6
2021-08-06,1761.1
2021-08-09,1724.4
2021-08-10,1729.7
2021-08-11,1751.2
2021-08-12,1749.8
2021-08-13,1776.0
2021-08-16,1787.6
2021-08-17,1785.7
2021-08-18,1782.3
2021-08-19,1780.9
2021-08-20,1781.8
2021-08-23,1804.0
2021-08-24,1806.3
2021-08-25,1788.8
2021-08-26,1793.0
2021-08-27,1817.2
2021-08-30,1809.8
2021-08-31,1815.8
2021-09-01,1813.8
2021-09-02,1809.4
2021-09-03,1831.5
2021-09-06,1831.5
2021-09-07,1796.3
2021-09-08,1791.2
2021-09-09,1797.8
2021-09-10,1789.9
2021-09-13,1792.3
2021-09-14,1805.0
2021-09-15,1792.6
2021-09-16,1754.6
2021-09-17,1749.4
2021-09-20,1761.8
2021-09-21,1776.1
2021-09-22,1776.7
2021-09-23,1747.7
2021-09-24,1749.7
2021-09-27,1750.4
2021-09-28,1736.54
2021-09-29,1722.34
2021-09-30,1756.66
2021-10-01,1758.4
2021-10-04,1767.6
2021-10-05,1760.9
2021-10-06,1761.8
2021-10-07,1759.2
2021-10-08,1757.4
2021-10-11,1755.7
2021-10-12,1759.3
2021-10-13,1794.7
2021-10-14,1797.9
2021-10-15,1768.3
2021-10-18,1765.7
2021-10-19,1770.5
2021-10-20,1784.9
2021-10-21,1781.9
2021-10-22,1796.3
2021-10-25,1806.8
2021-10-26,1793.4
2021-10-27,1798.8
2021-10-28,1802.6
2021-10-29,1783.9
2021-11-01,1795.8
2021-11-02,1789.4
2021-11-03,1763.9
2021-11-04,1793.5
2021-11-05,1816.8
2021-11-08,1828.0
2021-11-09,1830.8
2021-11-10,1848.3
2021-11-11,1863.9
2021-11-12,1868.5
2021-11-15,1866.6
2021-11-16,1854.1
2021-11-17,1870.2
2021-11-18,1861.4
2021-11-19,1851.6
2021-11-22,1806.3
2021-11-23,1783.8
2021-11-24,1784.82
2021-11-26,1786.54
2021-11-29,1784.04
2021-11-30,1775.92
2021-12-01,1784.3
2021-12-02,1762.7
2021-12-03,1783.9
2021-12-06,1779.5
2021-12-07,1784.7
2021-12-08,1785.5
2021-12-09,1776.7
2021-12-10,1784.8
2021-12-13,1788.3
2021-12-14,1772.3
2021-12-15,1764.5
2021-12-16,1798.2
2021-12-17,1804.9
2021-12-20,1794.6
2021-12-21,1788.7
2021-12-22,1802.2
2021-12-23,1811.7
2021-12-24,1811.7
2021-12-26,1811.7
2021-12-27,1808.8
2021-12-28,1810.9
2021-12-29,1805.8
2021-12-30,1814.1
2021-12-31,1828.6
2022-01-03,1800.1
2022-01-04,1814.6
2022-01-05,1825.1
2022-01-06,1789.2
2022-01-07,1797.4
2022-01-10,1798.8
2022-01-11,1818.5
2022-01-12,1827.3
2022-01-13,1821.4
2022-01-14,1816.5
2022-01-18,1812.4
2022-01-19,1843.2
2022-01-20,1842.6
2022-01-21,1831.8
2022-01-24,1841.7
2022-01-25,1852.5
2022-01-26,1830.16
2022-01-27,1793.86
2022-01-28,1785.92
2022-01-31,1796.12
2022-02-01,1801.5
2022-02-02,1810.3
2022-02-03,1804.1
2022-02-04,1807.8
2022-02-07,1821.8
2022-02-08,1827.9
2022-02-09,1836.6
2022-02-10,1837.4
2022-02-11,1842.1
2022-02-14,1869.4
2022-02-15,1856.2
2022-02-16,1871.5
2022-02-17,1902.0
2022-02-18,1899.8
2022-02-21,1899.8
2022-02-22,1907.4
2022-02-23,1910.4
2022-02-24,1926.3
2022-02-25,1887.6
2022-02-28,1900.7
2022-03-01,1943.8
2022-03-02,1922.3
2022-03-03,1935.9
2022-03-04,1966.6
2022-03-07,1995.9
2022-03-08,2043.3
2022-03-09,1988.2
2022-03-10,2000.4
2022-03-11,1985.0
2022-03-14,1960.8
2022-03-15,1929.7
2022-03-16,1909.2
2022-03-17,1943.2
2022-03-18,1929.3
2022-03-21,1929.5
2022-03-22,1921.5
2022-03-23,1937.3
2022-03-24,1962.2
2022-03-25,1954.2
2022-03-28,1940.78
2022-03-29,1914.52
2022-03-30,1936.8
2022-03-31,1953.04
2022-04-01,1923.7
2022-04-04,1934.0
2022-04-05,1927.5
2022-04-06,1923.1
2022-04-07,1937.8
2022-04-08,1945.6
2022-04-11,1948.2
2022-04-12,1976.1
2022-04-13,1984.7
2022-04-14,1974.9
2022-04-15,1974.9
2022-04-18,1986.4
2022-04-19,1959.0
2022-04-20,1955.6
2022-04-21,1948.2
2022-04-22,1934.3
2022-04-25,1896.0
2022-04-26,1904.1
2022-04-27,1888.7
2022-04-28,1891.3
2022-04-29,1911.7
2022-05-02,1863.6
2022-05-03,1870.6
2022-05-04,1868.8
2022-05-05,1875.7
2022-05-06,1882.8
2022-05-09,1858.6
2022-05-10,1841.0
2022-05-11,1853.7
2022-05-12,1824.6
2022-05-13,1808.2
2022-05-16,1814.0
2022-05-17,1818.9
2022-05-18,1815.9
2022-05-19,1841.2
2022-05-20,1842.1
2022-05-23,1847.8
2022-05-24,1865.4
2022-05-25,1847.54
2022-05-26,1850.12
2022-05-27,1854.9
2022-05-31,1847.26
2022-06-01,1848.7
2022-06-02,1871.4
2022-06-03,1850.2
2022-06-06,1843.7
2022-06-07,1852.1
2022-06-08,1856.5
2022-06-09,1852.8
2022-06-10,1875.5
2022-06-13,1831.8
2022-06-14,1813.5
2022-06-15,1819.6
2022-06-16,1849.9
2022-06-17,1840.6
2022-06-20,1840.6
2022-06-21,1838.8
2022-06-22,1838.4
2022-06-23,1829.8
2022-06-24,1830.3
2022-06-27,1829.3382
2022-06-28,1824.4344
2022-06-29,1818.2373
2022-06-30,1817.4548
2022-07-01,1806.0776
2022-07-02,1811.12
2022-07-03,1811.12
2022-07-04,1807.3423
2022-07-05,1808.6291
2022-07-06,1767.9548
2022-07-07,1737.6013
2022-07-08,1740.4954
2022-07-09,1742.34
2022-07-10,1742.34
2022-07-11,1742.15
2022-07-12,1733.64
2022-07-13,1725.6
2022-07-14,1731.76
2022-07-15,1711.8
2022-07-16,1707.7
2022-07-17,1707.7
2022-07-18,1710.11
2022-07-19,1710.12
2022-07-20,1695.2131
2022-07-21,1718.4886
2022-07-22,1727.3163
2022-07-25,1719.245
2022-07-26,1718.1906
2022-07-27,1738.9701
2022-07-28,1754.669
2022-07-29,1766.4309
2022-08-01,1772.0067
2022-08-02,1756.4075
2022-08-03,1763.6446
2022-08-04,1792.8209
2022-08-05,1775.7796
2022-08-08,1789.0615
2022-08-09,1794.0933
2022-08-10,1791.7249
2022-08-11,1789.1296
2022-08-12,1802.7804
2022-08-15,1778.6433
2022-08-16,1776.1056
2022-08-17,1764.8633
2022-08-18,1758.455
2022-08-19,1747.435
2022-08-22,1735.1633
2022-08-23,1748.1523
2022-08-24,1751.2754
2022-08-25,1756.5567
2022-08-26,1739.1203
2022-08-29,1739.3102
2022-08-30,1723.1833
2022-08-31,1708.58
2022-09-01,1697.5306
2022-09-02,1712.5178
2022-09-05,1714.21
2022-09-06,1703.4835
2022-09-07,1716.4367
2022-09-08,1711.085
2022-09-09,1717.075
2022-09-12,1725.4175
2022-09-13,1702.2933
2022-09-14,1697.6191
2022-09-15,1662.5775
2022-09-16,1675.2805
2022-09-19,1675.4505
2022-09-20,1666.3787
2022-09-21,1666.8727
2022-09-22,1672.4703
2022-09-23,1644.4717
2022-09-26,1628.0698
2022-09-27,1628.9589
2022-09-28,1656.6025
2022-09-29,1664.2594
2022-09-30,1660.8799
2022-10-03,1701.0961
2022-10-04,1725.3733
2022-10-05,1718.2606
2022-10-06,1711.9558
2022-10-07,1695.0231
2022-10-10,1669.7836
2022-10-11,1664.1168
2022-10-12,1674.8588
2022-10-13,1663.9278
2022-10-14,1644.6412
2022-10-17,1650.1075
2022-10-18,1652.487
2022-10-19,1627.525
2022-10-20,1626.65
2022-10-21,1657.6825
2022-10-24,1652.015
2022-10-25,1652.5885
2022-10-26,1666.8893
2022-10-27,1662.1567
2022-10-28,1644.6679
2022-10-31,1632.38
2022-11-01,1646.655
2022-11-02,1633.8692
2022-11-03,1629.7067
2022-11-04,1681.325
2022-11-07,1675.2708
2022-11-08,1712.4447
2022-11-09,1706.7049
2022-11-10,1755.5
2022-11-11,1771.36
2022-11-14,1771.3933
2022-11-15,1779.1838
2022-11-16,1773.3999
2022-11-17,1760.4007
2022-11-18,1751.0784
2022-11-21,1737.9575
2022-11-22,1740.09
2022-11-23,1749.59
2022-11-24,1755.49
2022-11-25,1754.5487
2022-11-28,1741.275
2022-11-29,1749.815
2022-11-30,1768.61
2022-12-01,1803.055
2022-12-02,1797.915
2022-12-05,1768.915
2022-12-06,1770.6663
2022-12-07,1786.0849
2022-12-08,1789.1498
2022-12-09,1797.368
2022-12-12,1781.5723
2022-12-13,1810.9829
2022-12-14,1807.4906
2022-12-15,1776.9686
2022-12-16,1792.7961
2022-12-19,1787.5957
2022-12-20,1818.0246
2022-12-21,1814.5101
2022-12-22,1792.2667
2022-12-23,1798.4193
2022-12-26,1798.4353
2022-12-27,1813.7025
2022-12-28,1804.336
2022-12-29,1815.0549
2022-12-30,1824.3233
2023-01-02,1824.1633
2023-01-03,1839.6677
2023-01-04,1855.0746
2023-01-05,1859.76
2023-01-06,1865.888
2023-01-09,1872.1846
2023-01-10,1876.9378
2023-01-11,1876.2679
2023-01-12,1896.8403
2023-01-13,1920.4831
2023-01-16,1915.6618
2023-01-17,1908.5987
2023-01-18,1904.4307
2023-01-19,1932.2238
2023-01-20,1926.384
2023-01-23,1930.551
2023-01-24,1937.3769
2023-01-25,1945.9486
2023-01-26,1930.301
2023-01-27,1927.5
2023-01-30,1923.0734
2023-01-31,1928.1201
2023-02-01,1950.1689
2023-02-02,1912.6283
2023-02-03,1865.797
2023-02-06,1867.5463
2023-02-07,1872.5796
2023-02-08,1875.625
2023-02-09,1861.8583
2023-02-10,1865.5321
2023-02-13,1853.5286
2023-02-14,1854.1897
2023-02-15,1836.153
2023-02-16,1836.0
2023-02-17,1842.4007
2023-02-20,1841.0
2023-02-21,1834.7405
2023-02-22,1825.0473
2023-02-23,1821.9223
2023-02-24,1811.2736
2023-02-27,1817.3015
2023-02-28,1826.7404
2023-03-01,1836.7495
2023-03-02,1835.8915
2023-03-03,1855.334
2023-03-06,1846.6929
2023-03-07,1813.3341
2023-03-08,1813.8308
2023-03-09,1830.9041
2023-03-10,1868.1
2023-03-13,1912.1176
2023-03-14,1903.6483
2023-03-15,1921.6
2023-03-16,1919.3968
2023-03-17,1988.1368
2023-03-20,1976.6158
2023-03-21,1943.1898
2023-03-22,1969.7389
2023-03-23,1992.0096
2023-03-24,1978.2
2023-03-27,1956.5783
2023-03-28,1971.9989
2023-03-29,1962.9123
2023-03-30,1978.4419
2023-03-31,1969.5459
2023-04-03,1985.1859
2023-04-04,2020.8
2023-04-05,2020.202
2023-04-06,2007.8189
2023-04-07,2007.7987
2023-04-10,1992.2422
2023-04-11,2004.8729
2023-04-12,2017.6
2023-04-13,2039.6545
2023-04-14,2004.1205
2023-04-17,1994.2081
2023-04-18,2005.0
2023-04-19,1993.9113
2023-04-20,2005.0565
2023-04-21,1984.0135
2023-04-24,1995.2252
2023-04-25,1997.7
2023-04-26,1991.8474
2023-04-27,1987.0351
2023-04-28,1990.6
2023-05-01,1981.3728
2023-05-02,2015.9909
2023-05-03,2053.1347
2023-05-04,2049.5288
2023-05-05,2017.6
2023-05-08,2021.3453
2023-05-09,2036.5355
2023-05-10,2031.1
2023-05-11,2016.1165
2023-05-12,2010.5
2023-05-15,2014.5664
2023-05-16,1989.6507
2023-05-17,1981.9
2023-05-18,1958.2941
2023-05-19,1977.7358
2023-05-22,1969.9834
2023-05-23,1975.4855
2023-05-24,1959.9703
2023-05-25,1940.1062
2023-05-26,1946.2
2023-05-29,1941.6631
2023-05-30,1959.3698
2023-05-31,1965.2
2023-06-01,1977.0397
2023-06-02,1947.5
2023-06-05,1961.8269
2023-06-06,1963.3357
2023-06-07,1943.6
2023-06-08,1964.8183
2023-06-09,1960.7466
2023-06-12,1959.6
2023-06-13,1943.4588
2023-06-14,1943.7
2023-06-15,1958.3113
2023-06-16,1958.2
2023-06-19,1950.5949
2023-06-20,1936.9
2023-06-21,1934.2416
2023-06-22,1914.5721
2023-06-23,1920.2
2023-06-26,1921.7
2023-06-27,1913.7017
2023-06-28,1907.4425
2023-06-29,1908.2185
2023-06-30,1919.5693
2023-07-03,1921.6309
2023-07-04,1926.3286
2023-07-05,1915.1017
2023-07-06,1911.8249
2023-07-07,1924.4
2023-07-10,1924.7537
2023-07-11,1932.2929
2023-07-12,1957.2314
2023-07-13,1960.5595
2023-07-14,1954.3
2023-07-17,1954.4
2023-07-18,1977.7
2023-07-19,1976.0923
2023-07-20,1968.752
2023-07-21,1960.8422
2023-07-24,1953.2125
2023-07-25,1964.6734
2023-07-26,1972.3652
2023-07-27,1947.4727
2023-07-28,1959.3565
2023-07-31,1964.3387
2023-08-01,1951.6
2023-08-02,1935.1
2023-08-03,1934.8
2023-08-04,1942.6774
2023-08-07,1936.4764
2023-08-08,1924.6
2023-08-09,1914.7
2023-08-10,1912.0496
2023-08-11,1913.1
2023-08-14,1907.1
2023-08-15,1901.5505
2023-08-16,1891.4
2023-08-17,1891.1041
2023-08-18,1889.5322
2023-08-21,1893.9697
2023-08-22,1897.4942
2023-08-23,1916.7181
2023-08-24,1916.4
2023-08-25,1914.8
2023-08-28,1920.8
2023-08-29,1935.7
2023-08-30,1942.0769
2023-08-31,1939.8281
2023-09-01,1939.8074
2023-09-04,1937.8737
2023-09-05,1926.7786
2023-09-06,1915.7544
2023-09-07,1919.2429
2023-09-08,1919.0651
2023-09-11,1921.1
2023-09-12,1912.8
2023-09-13,1908.3985
2023-09-14,1909.5
2023-09-15,1923.9751
2023-09-18,1934.0997
2023-09-19,1930.651
2023-09-20,1929.4298
2023-09-21,1920.7
2023-09-22,1924.8
2023-09-25,1915.0
2023-09-26,1901.0703
2023-09-27,1876.3863
2023-09-28,1865.7358
2023-09-29,1848.4898
2023-10-02,1825.8402
2023-10-03,1822.6
2023-10-04,1822.6276
2023-10-05,1821.3811
2023-10-06,1832.3056
2023-10-09,1862.3528
2023-10-10,1859.4
2023-10-11,1875.2827
2023-10-12,1870.0
2023-10-13,1932.5
2023-10-16,1919.4009
2023-10-17,1923.9
2023-10-18,1949.3089
2023-10-19,1976.2423
2023-10-20,1981.1286
2023-10-23,1972.3933
2023-10-24,1972.323
2023-10-25,1979.8811
2023-10-26,1984.3613
2023-10-27,2005.6
2023-10-30,1996.0976
2023-10-31,1984.0109
2023-11-01,1984.4608
2023-11-02,1984.1135
2023-11-03,1992.2804
2023-11-06,1977.7347
2023-11-07,1967.0
2023-11-08,1948.2094
2023-11-09,1958.319
2023-11-10,1938.084
2023-11-13,1945.8226
2023-11-14,1962.9172
2023-11-15,1959.3275
2023-11-16,1980.8
2023-11-17,1980.9275
2023-11-20,1973.3863
2023-11-24,2001.4347
2023-11-27,2001.9
2023-11-28,2014.4
2023-11-29,2043.7
2023-11-30,2044.8957
2023-12-01,2039.4
2023-12-04,2115.1
2023-12-05,2032.5466
2023-12-06,2017.6
2023-12-07,2028.3244
2023-12-08,2004.3314
2023-12-11,1981.5917
2023-12-12,1979.4815
2023-12-13,2027.367
2023-12-14,2036.3925
2023-12-15,2019.9096
2023-12-18,2027.2215
2023-12-19,2040.2438
2023-12-20,2031.5913
2023-12-21,2045.9144
2023-12-22,2053.2469
2023-12-25,2054.4562
2023-12-26,2067.8311
2023-12-27,2077.2185
2023-12-28,2065.3903
2023-12-29,2062.9233
2024-01-01,2064.6056
2024-01-02,2059.0028
2024-01-03,2041.3704
2024-01-04,2043.4165
2024-01-05,2045.6298
2024-01-08,2028.2268
2024-01-09,2030.1188
2024-01-10,2024.3192
2024-01-11,2028.6239
2024-01-12,2049.174
2024-01-15,2054.772
2024-01-16,2028.4449
2024-01-17,2006.33
2024-01-18,2023.1038
2024-01-19,2029.6244
2024-01-22,2021.7173
2024-01-23,2029.1878
2024-01-24,2014.0865
2024-01-25,2020.8981
2024-01-26,2018.5729
2024-01-29,2032.4088
2024-01-30,2036.7646
2024-01-31,2039.1538
2024-02-01,2054.7804
2024-02-02,2039.5759
2024-02-05,2024.8776
2024-02-06,2035.9405
2024-02-07,2035.0269
2024-02-08,2034.2279
2024-02-09,2024.3591
2024-02-12,2020.1173
2024-02-13,1992.8894
2024-02-14,1992.0557
2024-02-15,2004.0683
2024-02-16,2013.1418
2024-02-19,2017.9517
2024-02-20,2024.3222
2024-02-21,2026.0469
2024-02-22,2024.3489
2024-02-23,2035.4784
2024-02-26,2031.3003
2024-02-27,2030.4919
2024-02-28,2034.499
2024-02-29,2044.1997
2024-03-01,2082.6413
2024-03-04,2114.2934
2024-03-05,2127.8362
2024-03-06,2148.1446
2024-03-07,2159.9135
2024-03-08,2178.8819
2024-03-11,2183.4919
2024-03-12,2157.1762
2024-03-13,2175.3767
2024-03-14,2161.7789
2024-03-15,2156.0553
2024-03-18,2160.0768
2024-03-19,2157.488
2024-03-20,2205.4267
2024-03-21,2181.5104
2024-03-22,2165.4677
2024-03-25,2171.8451
2024-03-26,2179.6037
2024-03-27,2194.7874
2024-03-28,2231.5562
2024-03-29,2231.5551
2024-04-01,2251.2079
2024-04-02,2280.7098
2024-04-03,2297.414
2024-04-04,2289.456
2024-04-05,2330.0383
2024-04-08,2338.6944
2024-04-09,2354.4258
2024-04-10,2333.3847
2024-04-11,2335.2319
2024-04-12,2376.4428
2024-04-15,2364.0634
2024-04-16,2382.1406
2024-04-17,2382.5436
2024-04-18,2367.7213
2024-04-19,2379.8644
2024-04-22,2386.5964
2024-04-23,2333.4881
2024-04-24,2323.879
2024-04-25,2316.5469
2024-04-26,2330.914
2024-04-29,2336.3899
2024-04-30,2285.9886
2024-05-01,2322.5042
2024-05-02,2303.955
2024-05-03,2302.0974
2024-05-06,2323.9492
2024-05-07,2314.0702
2024-05-08,2308.4079
2024-05-09,2347.2415
2024-05-10,2360.5059
2024-05-13,2336.3312
2024-05-14,2355.6516
2024-05-15,2391.6436
2024-05-16,2378.4126
2024-05-17,2414.3276
2024-05-20,2426.5278
2024-05-21,2421.1785
2024-05-22,2378.8228
2024-05-23,2328.6167
2024-05-24,2334.1063
2024-05-27,2351.522
2024-05-28,2361.3308
2024-05-29,2338.3608
2024-05-30,2343.2566
2024-05-31,2327.2836
2024-06-03,2350.6541
2024-06-04,2328.7821
2024-06-05,2355.1467
2024-06-06,2355.1412
2024-06-07,2376.9455
2024-06-10,2309.6875
2024-06-11,2314.8992
2024-06-12,2320.891
2024-06-13,2302.5877
2024-06-14,2332.8294
2024-06-17,2320.3404
2024-06-18,2328.6574
2024-06-19,2329.4114
2024-06-20,2360.6676
2024-06-21,2321.4406
2024-06-24,2318.76
2024-06-25,2320.1816
2024-06-26,2298.3434
2024-06-27,2327.7549
2024-06-28,2326.7177
2024-07-01,2332.2255
2024-07-02,2332.2337
2024-07-03,2358.4113
2024-07-04,2358.4127
2024-07-05,2392.1342
2024-07-08,2361.8718
2024-07-09,2365.2041
2024-07-10,2372.6481
2024-07-11,2415.3365
2024-07-12,2411.1695
2024-07-15,2422.3281
2024-07-16,2468.9651
2024-07-17,2461.3476
2024-07-18,2443.57
2024-07-19,2400.6722
2024-07-22,2395.9441
2024-07-23,2408.9478
2024-07-24,2399.2668
2024-07-25,2364.0969
2024-07-26,2386.8314
2024-07-29,2381.579
2024-07-30,2409.7053
2024-07-31,2409.6865
2024-08-01,2445.819
2024-08-02,2442.1993
2024-08-05,2405.7112
2024-08-06,2405.6562
2024-08-07,2383.7022
2024-08-08,2424.5422
2024-08-09,2431.1646
2024-08-12,2475.3578
2024-08-13,2475.3425
2024-08-14,2463.9524
2024-08-15,2457.5157
2024-08-16,2457.5399
2024-08-19,2503.3294
2024-08-20,2513.5228
2024-08-21,2512.6386
2024-08-22,2487.0611
2024-08-23,2512.4492
2024-08-26,2515.5587
2024-08-27,2526.0627
2024-08-28,2525.4407
2024-08-29,2519.5644
2024-08-30,2503.3796
2024-09-02,2502.6497
2024-09-03,2493.5697
2024-09-04,2495.6607
2024-09-05,2517.4649
2024-09-06,2497.4214
2024-09-09,2506.9568
2024-09-10,2518.3874
2024-09-11,2512.3892
2024-09-12,2557.7934
2024-09-13,2578.948
2024-09-16,2583.7957
2024-09-17,2573.7475
2024-09-18,2558.5067
2024-09-19,2587.2619
2024-09-20,2622.2836
2024-09-23,2626.3504
2024-09-24,2626.0297
2024-09-25,2657.6379
2024-09-26,2657.1717
2024-09-27,2658.4609
2024-09-30,2664.4143
2024-10-01,2635.3447
2024-10-02,2660.42
2024-10-03,2655.584
2024-10-04,2653.5475
2024-10-07,2650.3476
2024-10-08,2643.2859
2024-10-09,2608.4802
2024-10-10,2608.453
2024-10-11,2656.9635
2024-10-14,2649.6243
2024-10-15,2661.0395
2024-10-16,2660.1335
2024-10-17,2674.0149
2024-10-18,2693.7115
2024-10-21,2721.0847
2024-10-22,2720.87
2024-10-23,2721.4217
2024-10-24,2734.5717
2024-10-25,0.0
2024-10-28,2743.522
2024-10-29,2775.0875
2024-10-30,2785.9654
2024-10-31,2746.7019
2024-11-01,2736.4198
2024-11-04,2736.476
2024-11-05,2745.3295
2024-11-06,2663.5627
2024-11-07,2706.3233
2024-11-08,2684.5457
2024-11-11,2623.8386
2024-11-12,2623.7457
2024-11-13,2571.5469
2024-11-14,2567.1535
2024-11-15,2563.3435
2024-11-18,2611.082
2024-11-19,2611.515
2024-11-20,2631.8352
2024-11-21,2670.8902
2024-11-22,2712.8208
2024-11-25,2718.2297
2024-11-26,2628.1313
2024-11-27,2639.9188
2024-11-28,2639.7907
2024-11-29,2651.247
2024-12-02,2639.7134
2024-12-03,2641.8893
2024-12-04,2652.7444
2024-12-05,2632.6667
2024-12-06,2635.5903
2024-12-09,2664.3764
2024-12-10,2693.4503
2024-12-11,2717.2861
2024-12-12,2682.6675
2024-12-13,2681.0892
2024-12-16,2651.8376
2024-12-17,2647.2815
2024-12-18,2647.4006
2024-12-19,2588.3133
2024-12-20,2623.3843
2024-12-23,2615.5792
2024-12-24,2616.616
2024-12-25,2618.6442
2024-12-26,2632.7221
2024-12-27,2621.9468
2024-12-30,2606.8618
2024-12-31,2624.603
2025-01-01,2624.0865
2025-01-02,2624.1003
2025-01-03,2658.5174
2025-01-06,2634.817
2025-01-07,2649.9402
2025-01-08,2649.9262
2025-01-09,2662.9031
2025-01-10,2689.3504
2025-01-13,2668.7875
2025-01-14,2668.7519
2025-01-15,2695.1781
2025-01-16,2695.1926
2025-01-17,2702.6863
2025-01-20,2696.3699
2025-01-21,2744.1618
2025-01-22,2755.5952
2025-01-23,2754.6578
2025-01-24,2771.2884
2025-01-27,2742.3068
2025-01-28,2742.1677
2025-01-29,2764.7604
2025-01-30,2761.6871
2025-01-31,2798.1968
2025-02-03,2814.0358
2025-02-04,2841.886
2025-02-05,2869.6463
2025-02-06,2857.7022
2025-02-07,2861.2303
2025-02-10,2918.843
2025-02-11,2918.9325
2025-02-12,2905.8955
2025-02-13,2931.769
2025-02-14,2882.6253
2025-02-17,2879.7613
2025-02-18,2934.2034
2025-02-19,2935.8402
2025-02-20,2941.3019
2025-02-21,2936.1246
2025-02-24,2937.0128
2025-02-25,2917.9104
2025-02-26,2919.7208
2025-02-27,2876.3983
2025-02-28,2876.208
2025-03-03,2891.2263
2025-03-04,2914.8486
2025-03-05,2918.2553
2025-03-06,2918.1999
2025-03-07,2910.4035
2025-03-10,2884.5336
2025-03-11,2915.5794
2025-03-12,2937.9577
2025-03-13,2986.4564
2025-03-14,2985.7968
2025-03-17,2989.5188
2025-03-18,3032.251
2025-03-19,3050.1754
2025-03-20,3050.4918
2025-03-21,3023.4225
2025-03-24,3009.9222
2025-03-25,3021.2439
2025-03-26,3021.3215
2025-03-27,3055.4877
2025-03-28,3084.5015
2025-03-31,3086.3435
2025-04-01,3115.0514
2025-04-02,3114.7409
2025-04-03,3114.3916
2025-04-04,3037.3627
2025-04-07,2981.5724
2025-04-08,2981.3324
2025-04-09,3086.9965
2025-04-10,3187.2895
2025-04-11,3236.351
2025-04-14,3211.9744
2025-04-15,3247.5862
2025-04-16,3350.8022
2025-04-17,3322.916
2025-04-18,3322.9197
2025-04-21,3435.907
2025-04-22,3337.6222
2025-04-23,3313.6283
2025-04-24,3315.6828
2025-04-25,3319.0725
2025-04-28,3338.4077
2025-04-29,3338.2127
2025-04-30,3273.5046
2025-05-01,3273.6334
2025-05-02,3240.9921
2025-05-05,3333.5639
2025-05-06,3397.7541
2025-05-07,3374.7474
2025-05-08,3318.5467
2025-05-09,3316.0018
2025-05-12,3236.8221
2025-05-13,3236.7645
2025-05-14,3184.7036
2025-05-15,3237.8283
2025-05-16,3202.7885
2025-05-19,3222.6202
2025-05-20,3291.4822
2025-05-21,3319.5682
2025-05-22,3300.4744
2025-05-23,3300.4881
2025-05-26,3345.7797
2025-05-27,3310.0967
2025-05-28,3261.1267
2025-05-29,3315.4905
2025-05-30,3289.5548
2025-06-02,3385.8823
2025-06-03,3359.4418
2025-06-04,3377.8649
2025-06-05,3361.8984
2025-06-06,3311.05
2025-06-09,3317.4868
2025-06-10,3327.1449
2025-06-11,3361.8
2025-06-12,3390.8075
2025-06-13,3392.0382
2025-06-16,3401.135
2025-06-17,3387.1896
2025-06-18,3374.787
2025-06-19,3375.516
2025-06-20,3368.2624
2025-06-23,3345.5893
2025-06-24,3344.5795
2025-06-25,3324.7444
2025-06-26,3336.7813
2025-06-27,3274.1691
2025-06-30,3266.4101
2025-07-01,3311.8231
2025-07-02,3337.6168
2025-07-03,3345.5334
2025-07-04,3329.4047
2025-07-07,3327.4991
2025-07-08,3335.4849
2025-07-09,3304.5671
2025-07-10,3317.5583
2025-07-11,3325.1313
2025-07-14,3367.0941
2025-07-15,3345.7572
2025-07-16,3330.5524
2025-07-17,3346.0372
2025-07-18,3340.2365
2025-07-21,3348.7712
2025-07-22,3394.6879
2025-07-23,3429.3736
2025-07-24,3390.9514
2025-07-25,3369.2155
2025-07-28,3334.9563
2025-07-29,3314.1389
2025-07-30,3328.9391
2025-07-31,3285.7772
2025-08-01,3287.4948
2025-08-04,3377.283
2025-08-05,3378.3042
2025-08-06,3383.2532
2025-08-07,3367.2075
2025-08-08,3399.9959
2025-08-11,3349.1862
2025-08-12,3349.0516
2025-08-13,3350.1062
2025-08-14,3364.2112
2025-08-15,3334.278
2025-08-18,3329.6042
2025-08-19,3330.3475
2025-08-20,3313.7601
2025-08-21,3338.4077
2025-08-22,3337.9174
2025-08-25,3367.6157
2025-08-26,3356.2171
2025-08-27,3390.8535
2025-08-28,3396.1047
2025-08-29,3415.7672
2025-09-01,3446.4166
2025-09-02,3481.3063
2025-09-03,3559.5866
2025-09-04,3558.893
2025-09-05,3553.4077
2025-09-08,3636.972
2025-09-09,3634.9757
2025-09-10,3633.1862
2025-09-11,3645.3444
2025-09-12,3632.6517
2025-09-15,3676.5179
2025-09-16,3677.0789
2025-09-17,3693.4919
2025-09-18,3665.8775
2025-09-19,3640.9515
2025-09-22,3686.6224
2025-09-23,3748.3929
2025-09-24,3761.2579
2025-09-25,3745.1786
2025-09-26,3746.1321
2025-09-29,3770.9528
2025-09-30,3836.2342
2025-10-01,3864.5849
2025-10-02,3861.0933
2025-10-03,3861.7495
2025-10-06,3904.2521
2025-10-07,3968.8682
2025-10-08,3996.7866
2025-10-09,4013.405
2025-10-10,3986.7322
2025-10-13,4032.0142
2025-10-14,4164.3849
2025-10-15,4163.622
2025-10-16,4207.5146
2025-10-17,4365.3158
2025-10-20,4236.7316
2025-10-21,4359.426
2025-10-22,4052.8656
2025-10-23,4091.07
2025-10-24,4123.4903
2025-10-27,4064.2889
2025-10-28,3996.5478
2025-10-29,3947.7009
2025-10-30,4040.502
2025-10-31,4002.7699
2025-11-03,4001.5206
2025-11-04,3932.085
2025-11-05,3979.7036
2025-11-06,3977.1552
2025-11-07,4001.2804
2025-11-10,4115.4338
2025-11-11,4126.6809
2025-11-12,4195.2732
2025-11-13,4171.49
2025-11-14,4083.3509
2025-11-17,4045.7984
2025-11-18,4067.5539
2025-11-19,4077.871
2025-11-20,4077.5717
2025-11-21,4065.0737
2025-11-24,4134.3926
2025-11-25,4130.7123
2025-11-26,4163.7347
2025-11-27,4158.1426
2025-11-28,4217.3637
2025-12-01,4232.1056
2025-12-02,4205.7981
2025-12-03,4203.1906
2025-12-04,4208.8605
2025-12-05,4198.2409
2025-12-08,4190.7109
2025-12-09,4208.1609
2025-12-10,4228.7321
2025-12-11,4279.4663
2025-12-12,4299.8732
2025-12-15,4305.0007
2025-12-16,4302.2966
2025-12-17,4338.0184
2025-12-18,4332.6805
2025-12-19,4339.4302
2025-12-22,4443.6841
2025-12-23,4484.4558
2025-12-24,4479.4438
2025-12-25,4479.3435
2025-12-26,4533.5643
2025-12-29,4332.2864
2025-12-30,4339.1196
2025-12-31,4322.3617
2026-01-01,4322.3617
2026-01-02,4332.2113
2026-01-05,4449.1111
2026-01-06,4494.7052
2026-01-07,4456.4869
2026-01-08,4477.6186
2026-01-09,4509.4202
2026-01-12,4597.5743
2026-01-13,4586.3565
2026-01-14,4626.4811
2026-01-15,4616.038
2026-01-16,4596.3698
2026-01-19,4670.6165
2026-01-20,4763.4472
2026-01-21,4831.1513
2026-01-22,4936.3215
2026-01-23,4988.0288
2026-01-26,5007.5614
2026-01-27,5180.8371
2026-01-28,5296.8349
2026-01-29,5379.0
2026-01-30,4865.35
2026-02-02,4660.89
2026-02-03,4946.99
2026-02-04,4964.19
2026-02-05,4776.19
2026-02-06,4959.02
2026-02-09,5058.66
2026-02-10,5025.29
2026-02-11,5084.68
2026-02-12,4922.2
2026-02-13,5043.11
2026-02-16,4992.47
2026-02-17,4879.21
2026-02-18,4977.12
2026-02-19,4995.82
2026-02-20,5098.5
2026-02-23,5227.81
2026-02-24,5144.01
2026-02-25,5165.07
2026-02-26,5181.1
2026-02-27,5277.89
2026-03-02,5322.97
2026-03-03,5088.4
2026-03-04,5140.85
2026-03-05,5084.31
2026-03-06,5171.07
2026-03-09,5137.73
2026-03-10,5177.19
2026-03-11,5132.1526
2026-03-12,5100.9704
2026-03-13,5021.4128
2026-03-16,5019.7128
2026-03-17,5000.8
2026-03-18,4831.9089
2026-03-19,5177.19
2026-03-20,4497.3523
2026-03-23,4441.0722
2026-03-24,4468.7929
2026-03-25,4504.9023
2026-03-26,4403.9932
2026-03-27,4498.7523
2026-03-30,4506.9523
2026-03-31,4670.3486
2026-04-01,4759.7024
2026-04-02,4674.4486
2026-04-03,4674.4486
2026-04-06,4654.2314
2026-04-07,4711.0906
2026-04-08,4714.7906
2026-04-09,4762.1024
2026-04-10,5177.19
2026-04-13,4759.1524
2026-04-14,4835.4089
2026-04-15,4826.2089
2026-04-16,4788.9445
2026-04-17,5177.19
2026-04-20,4825.4089
2026-04-21,5177.19
2026-04-22,5177.19
2026-04-23,4693.3178
2026-04-24,4712.8906
2026-04-27,4694.0178
2026-04-28,4590.328
2026-04-29,4562.305
2026-04-30,4629.5648
2026-05-01,4644.5
2026-05-04,4592.9
2026-05-05,4568.6
2026-05-07,4744.6
